phylum,class,order,family,genus,valueAcidobacteria,Acidobacteriia,Acidobacteriales,Acidobacteriaceae,Acidobacterium,47Acidobacteria,Acidobacteriia,Acidobacteriales,Acidobacteriaceae,Terriglobus,34Actinobacteria,Acidimicrobiia,Acidimicrobiales,Acidimicrobiaceae,Acidimicrobium,23Actinobacteria,Actinobacteria,Actinomycetales,Actinomycetaceae,Actinomyces,267Actinobacteria,Actinobacteria,Actinomycetales,Actinomycetaceae,Arcanobacterium,40Actinobacteria,Actinobacteria,Actinomycetales,Actinomycetaceae,Mobiluncus,341Actinobacteria,Actinobacteria,Actinomycetales,Actinomycetaceae,Trueperella,5Actinobacteria,Actinobacteria,Actinomycetales,Actinosynnemataceae,Saccharothrix,1Actinobacteria,Actinobacteria,Actinomycetales,Brevibacteriaceae,Brevibacterium,74Actinobacteria,Actinobacteria,Actinomycetales,Cellulomonadaceae,Cellulomonas,98Actinobacteria,Actinobacteria,Actinomycetales,Corynebacteriaceae,Corynebacterium,1063Actinobacteria,Actinobacteria,Actinomycetales,Dermabacteraceae,Brachybacterium,24Actinobacteria,Actinobacteria,Actinomycetales,Dermacoccaceae,Dermacoccus,178Actinobacteria,Actinobacteria,Actinomycetales,Dietziaceae,Dietzia,68Actinobacteria,Actinobacteria,Actinomycetales,Frankiaceae,Frankia,426Actinobacteria,Actinobacteria,Actinomycetales,Geodermatophilaceae,Geodermatophilus,85Actinobacteria,Actinobacteria,Actinomycetales,Gordoniaceae,Gordonia,105Actinobacteria,Actinobacteria,Actinomycetales,Intrasporangiaceae,Janibacter,62Actinobacteria,Actinobacteria,Actinomycetales,Intrasporangiaceae,Kytococcus,35Actinobacteria,Actinobacteria,Actinomycetales,Jonesiaceae,Jonesia,367Actinobacteria,Actinobacteria,Actinomycetales,Kineosporiaceae,Kineococcus,142Actinobacteria,Actinobacteria,Actinomycetales,Microbacteriaceae,Clavibacter,122Actinobacteria,Actinobacteria,Actinomycetales,Microbacteriaceae,Curtobacterium,1Actinobacteria,Actinobacteria,Actinomycetales,Microbacteriaceae,Microbacterium,3Actinobacteria,Actinobacteria,Actinomycetales,Microbacteriaceae,Mycetocola,1Actinobacteria,Actinobacteria,Actinomycetales,Micrococcaceae,Arthrobacter,265Actinobacteria,Actinobacteria,Actinomycetales,Micrococcaceae,Kocuria,38Actinobacteria,Actinobacteria,Actinomycetales,Micrococcaceae,Micrococcus,223Actinobacteria,Actinobacteria,Actinomycetales,Micrococcaceae,Renibacterium,41Actinobacteria,Actinobacteria,Actinomycetales,Micrococcaceae,Rothia,50Actinobacteria,Actinobacteria,Actinomycetales,Mycobacteriaceae,Mycobacterium,1868Actinobacteria,Actinobacteria,Actinomycetales,Nocardiaceae,Nocardia,605Actinobacteria,Actinobacteria,Actinomycetales,Nocardiaceae,Rhodococcus,614Actinobacteria,Actinobacteria,Actinomycetales,Nocardioidaceae,Aeromicrobium,194Actinobacteria,Actinobacteria,Actinomycetales,Nocardioidaceae,Kribbella,137Actinobacteria,Actinobacteria,Actinomycetales,Nocardioidaceae,Nocardioides,105Actinobacteria,Actinobacteria,Actinomycetales,Nocardiopsaceae,Nocardiopsis,75Actinobacteria,Actinobacteria,Actinomycetales,Propionibacteriaceae,Propionibacterium,1054Actinobacteria,Actinobacteria,Actinomycetales,Pseudonocardiaceae,Amycolatopsis,48Actinobacteria,Actinobacteria,Actinomycetales,Pseudonocardiaceae,Pseudonocardia,1Actinobacteria,Actinobacteria,Actinomycetales,Pseudonocardiaceae,Saccharomonospora,20Actinobacteria,Actinobacteria,Actinomycetales,Pseudonocardiaceae,Saccharopolyspora,52Actinobacteria,Actinobacteria,Actinomycetales,Pseudonocardiaceae,Thermobispora,42Actinobacteria,Actinobacteria,Actinomycetales,Sanguibacteraceae,Sanguibacter,24Actinobacteria,Actinobacteria,Actinomycetales,Streptomycetaceae,Kitasatospora,19Actinobacteria,Actinobacteria,Actinomycetales,Streptomycetaceae,Streptomyces,1939Actinobacteria,Actinobacteria,Actinomycetales,Streptosporangiaceae,Streptosporangium,48Actinobacteria,Actinobacteria,Actinomycetales,Tsukamurellaceae,Tsukamurella,75Actinobacteria,Actinobacteria,Bifidobacteriales,Bifidobacteriaceae,Bifidobacterium,3500Actinobacteria,Actinobacteria,Bifidobacteriales,Bifidobacteriaceae,Gardnerella,162Actinobacteria,Actinobacteria,Bifidobacteriales,Bifidobacteriaceae,Scardovia,19Actinobacteria,Coriobacteriia,Coriobacteriales,Coriobacteriaceae,Atopobium,276Actinobacteria,Coriobacteriia,Coriobacteriales,Coriobacteriaceae,Collinsella,428Actinobacteria,Coriobacteriia,Coriobacteriales,Coriobacteriaceae,Eggerthella,146Actinobacteria,Coriobacteriia,Coriobacteriales,Coriobacteriaceae,Slackia,213Actinobacteria,Rubrobacteria,Rubrobacterales,Rubrobacteraceae,Rubrobacter,57Actinobacteria,Thermoleophilia,Solirubrobacterales,Conexibacteraceae,Conexibacter,31Aquificae,Aquificae,Aquificales,Aquificaceae,Aquifex,44Aquificae,Aquificae,Aquificales,Aquificaceae,Hydrogenivirga,22Aquificae,Aquificae,Aquificales,Aquificaceae,Hydrogenobaculum,22Bacteroidetes,Bacteroidia,Bacteroidales,Bacteroidaceae,Bacteroides,33364Bacteroidetes,Bacteroidia,Bacteroidales,Odoribacteraceae,Butyricimonas,1Bacteroidetes,Bacteroidia,Bacteroidales,Odoribacteraceae,Odoribacter,1Bacteroidetes,Bacteroidia,Bacteroidales,Paraprevotellaceae,Paraprevotella,1Bacteroidetes,Bacteroidia,Bacteroidales,Paraprevotellaceae,Prevotella,9744Bacteroidetes,Bacteroidia,Bacteroidales,Porphyromonadaceae,Paludibacter,370Bacteroidetes,Bacteroidia,Bacteroidales,Porphyromonadaceae,Parabacteroides,3282Bacteroidetes,Bacteroidia,Bacteroidales,Porphyromonadaceae,Porphyromonas,450Bacteroidetes,Bacteroidia,Bacteroidales,Prevotellaceae,Prevotella,9744Bacteroidetes,Cytophagia,Cytophagales,Cytophagaceae,Cytophaga,217Bacteroidetes,Cytophagia,Cytophagales,Cytophagaceae,Dyadobacter,264Bacteroidetes,Cytophagia,Cytophagales,Cytophagaceae,Leadbetterella,219Bacteroidetes,Cytophagia,Cytophagales,Cytophagaceae,Microscilla,125Bacteroidetes,Cytophagia,Cytophagales,Cytophagaceae,Spirosoma,240Bacteroidetes,Cytophagia,Cytophagales,Flammeovirgaceae,Flammeovirga,2Bacteroidetes,Flavobacteriia,Flavobacteriales,Blattabacteriaceae,Blattabacterium,26Bacteroidetes,Flavobacteriia,Flavobacteriales,Flavobacteriaceae,Capnocytophaga,582Bacteroidetes,Flavobacteriia,Flavobacteriales,Flavobacteriaceae,Cellulophaga,55Bacteroidetes,Flavobacteriia,Flavobacteriales,Flavobacteriaceae,Flavobacterium,1497Bacteroidetes,Flavobacteriia,Flavobacteriales,Flavobacteriaceae,Gramella,265Bacteroidetes,Flavobacteriia,Flavobacteriales,Flavobacteriaceae,Kordia,122Bacteroidetes,Flavobacteriia,Flavobacteriales,Flavobacteriaceae,Leeuwenhoekiella,172Bacteroidetes,Flavobacteriia,Flavobacteriales,Flavobacteriaceae,Maribacter,95Bacteroidetes,Flavobacteriia,Flavobacteriales,Flavobacteriaceae,Polaribacter,118Bacteroidetes,Flavobacteriia,Flavobacteriales,Flavobacteriaceae,Psychroflexus,100Bacteroidetes,Flavobacteriia,Flavobacteriales,Flavobacteriaceae,Robiginitalea,79Bacteroidetes,Flavobacteriia,Flavobacteriales,Weeksellaceae,Chryseobacterium,4097Bacteroidetes,Flavobacteriia,Flavobacteriales,Weeksellaceae,Elizabethkingia,9Bacteroidetes,Flavobacteriia,Flavobacteriales,Weeksellaceae,Ornithobacterium,7Bacteroidetes,Flavobacteriia,Flavobacteriales,Weeksellaceae,Riemerella,996Bacteroidetes,Flavobacteriia,Flavobacteriales,Weeksellaceae,Weeksella,140Bacteroidetes,Rhodothermi,Rhodothermales,Rhodothermaceae,Rhodothermus,61Bacteroidetes,Rhodothermi,Rhodothermales,Rhodothermaceae,Salinibacter,109Bacteroidetes,Saprospirae,Saprospirales,Chitinophagaceae,Chitinophaga,537Bacteroidetes,Sphingobacteriia,Sphingobacteriales,Sphingobacteriaceae,Pedobacter,610Bacteroidetes,Sphingobacteriia,Sphingobacteriales,Sphingobacteriaceae,Sphingobacterium,335Chlamydiae,Chlamydiia,Chlamydiales,Chlamydiaceae,Chlamydia,48Chlamydiae,Chlamydiia,Chlamydiales,Parachlamydiaceae,Parachlamydia,39Chlamydiae,Chlamydiia,Chlamydiales,Waddliaceae,Waddlia,87Chlorobi,Chlorobia,Chlorobiales,Chlorobiaceae,Chlorobaculum,81Chlorobi,Chlorobia,Chlorobiales,Chlorobiaceae,Chlorobium,272Chlorobi,Chlorobia,Chlorobiales,Chlorobiaceae,Pelodictyon,74Chlorobi,Chlorobia,Chlorobiales,Chlorobiaceae,Prosthecochloris,30Chlorobi,Chlorobia,Chloroherpetales,Chloroherpetaceae,Chloroherpeton,73Chloroflexi,Anaerolineae,Anaerolineales,Anaerolinaceae,Anaerolinea,45Chloroflexi,Chloroflexi,Chloroflexales,Chloroflexaceae,Chloroflexus,97Chloroflexi,Chloroflexi,Chloroflexales,Oscillochloridaceae,Oscillochloris,28Chloroflexi,Chloroflexi,Roseiflexales,Roseiflexaceae,Roseiflexus,146Chloroflexi,Dehalococcoidetes,Dehalococcoidales,Dehalococcoidaceae,Dehalococcoides,332Chloroflexi,Dehalococcoidetes,Dehalococcoidales,Dehalococcoidaceae,Dehalogenimonas,38Chloroflexi,Thermobacula,Thermobaculales,Thermobaculaceae,Thermobaculum,32Chrysiogenetes,Chrysiogenetes,Chrysiogenales,Chrysiogenaceae,Desulfurispirillum,41Crenarchaeota,Thaumarchaeota,Cenarchaeales,Cenarchaeaceae,Cenarchaeum,6Crenarchaeota,Thaumarchaeota,Cenarchaeales,Cenarchaeaceae,Nitrosopumilus,5Crenarchaeota,Thermoprotei,Desulfurococcales,Desulfurococcaceae,Aeropyrum,3Crenarchaeota,Thermoprotei,Desulfurococcales,Desulfurococcaceae,Ignicoccus,4Crenarchaeota,Thermoprotei,Sulfolobales,Sulfolobaceae,Metallosphaera,9Crenarchaeota,Thermoprotei,Sulfolobales,Sulfolobaceae,Sulfolobus,56Crenarchaeota,Thermoprotei,Thermoproteales,Thermoproteaceae,Pyrobaculum,8Crenarchaeota,Thermoprotei,Thermoproteales,Thermoproteaceae,Vulcanisaeta,4Cyanobacteria,Gloeobacterophycideae,Gloeobacterales,Gloeobacteraceae,Gloeobacter,65Cyanobacteria,Nostocophycideae,Nostocales,Nostocaceae,Anabaena,156Cyanobacteria,Nostocophycideae,Nostocales,Nostocaceae,Cylindrospermopsis,10Cyanobacteria,Nostocophycideae,Nostocales,Nostocaceae,Dolichospermum,1Cyanobacteria,Nostocophycideae,Nostocales,Nostocaceae,Nodularia,27Cyanobacteria,Nostocophycideae,Nostocales,Nostocaceae,Nostoc,152Cyanobacteria,Nostocophycideae,Nostocales,Nostocaceae,Trichormus,17Cyanobacteria,Oscillatoriophycideae,Chroococcales,Cyanobacteriaceae,Crocosphaera,82Cyanobacteria,Oscillatoriophycideae,Chroococcales,Cyanobacteriaceae,Cyanothece,272Cyanobacteria,Oscillatoriophycideae,Chroococcales,Microcystaceae,Microcystis,121Cyanobacteria,Oscillatoriophycideae,Oscillatoriales,Oscillatoriaceae,Lyngbya,61Cyanobacteria,Oscillatoriophycideae,Oscillatoriales,Phormidiaceae,Microcoleus,75Cyanobacteria,Oscillatoriophycideae,Oscillatoriales,Phormidiaceae,Oscillatoria,37Cyanobacteria,Oscillatoriophycideae,Oscillatoriales,Phormidiaceae,Trichodesmium,89Cyanobacteria,Synechococcophycideae,Pseudanabaenales,Pseudanabaenaceae,Leptolyngbya,2Cyanobacteria,Synechococcophycideae,Synechococcales,Acaryochloridaceae,Acaryochloris,93Cyanobacteria,Synechococcophycideae,Synechococcales,Acaryochloridaceae,Thermosynechococcus,78Cyanobacteria,Synechococcophycideae,Synechococcales,Synechococcaceae,Prochlorococcus,92Cyanobacteria,Synechococcophycideae,Synechococcales,Synechococcaceae,Synechococcus,391Deferribacteres,Deferribacteres,Deferribacterales,Deferribacteraceae,Deferribacter,41Dictyoglomi,Dictyoglomia,Dictyoglomales,Dictyoglomaceae,Dictyoglomus,77Elusimicrobia,Elusimicrobia,Elusimicrobiales,Elusimicrobiaceae,Elusimicrobium,99Euryarchaeota,Archaeoglobi,Archaeoglobales,Archaeoglobaceae,Archaeoglobus,21Euryarchaeota,Halobacteria,Halobacteriales,Halobacteriaceae,Haladaptatus,4Euryarchaeota,Halobacteria,Halobacteriales,Halobacteriaceae,Haloarcula,2Euryarchaeota,Halobacteria,Halobacteriales,Halobacteriaceae,Halobacterium,5Euryarchaeota,Halobacteria,Halobacteriales,Halobacteriaceae,Haloferax,1Euryarchaeota,Halobacteria,Halobacteriales,Halobacteriaceae,Halogeometricum,2Euryarchaeota,Halobacteria,Halobacteriales,Halobacteriaceae,Halomicrobium,6Euryarchaeota,Halobacteria,Halobacteriales,Halobacteriaceae,Haloquadratum,5Euryarchaeota,Halobacteria,Halobacteriales,Halobacteriaceae,Halorhabdus,6Euryarchaeota,Halobacteria,Halobacteriales,Halobacteriaceae,Halorubrum,9Euryarchaeota,Halobacteria,Halobacteriales,Halobacteriaceae,Haloterrigena,8Euryarchaeota,Halobacteria,Halobacteriales,Halobacteriaceae,Natronomonas,7Euryarchaeota,Methanobacteria,Methanobacteriales,Methanobacteriaceae,Methanobrevibacter,123Euryarchaeota,Methanobacteria,Methanobacteriales,Methanobacteriaceae,Methanosphaera,12Euryarchaeota,Methanobacteria,Methanobacteriales,Methanobacteriaceae,Methanothermobacter,27Euryarchaeota,Methanococci,Methanococcales,Methanocaldococcaceae,Methanocaldococcus,45Euryarchaeota,Methanococci,Methanococcales,Methanococcaceae,Methanococcus,65Euryarchaeota,Methanococci,Methanococcales,Methanococcaceae,Methanothermococcus,2Euryarchaeota,Methanomicrobia,Methanocellales,Methanocellaceae,Methanocella,6Euryarchaeota,Methanomicrobia,Methanomicrobiales,Methanocorpusculaceae,Methanocorpusculum,60Euryarchaeota,Methanomicrobia,Methanomicrobiales,Methanomicrobiaceae,Methanoculleus,9Euryarchaeota,Methanomicrobia,Methanomicrobiales,Methanomicrobiaceae,Methanoplanus,38Euryarchaeota,Methanomicrobia,Methanomicrobiales,Methanospirillaceae,Methanospirillum,42Euryarchaeota,Methanomicrobia,Methanosarcinales,Methanosaetaceae,Methanosaeta,27Euryarchaeota,Methanomicrobia,Methanosarcinales,Methanosarcinaceae,Methanococcoides,53Euryarchaeota,Methanomicrobia,Methanosarcinales,Methanosarcinaceae,Methanosarcina,150Euryarchaeota,Methanopyri,Methanopyrales,Methanopyraceae,Methanopyrus,2Euryarchaeota,Thermococci,Thermococcales,Thermococcaceae,Pyrococcus,28Euryarchaeota,Thermoplasmata,Thermoplasmatales,Picrophilaceae,Ferroplasma,14Euryarchaeota,Thermoplasmata,Thermoplasmatales,Picrophilaceae,Thermoplasma,15Fibrobacteres,Fibrobacteria,Fibrobacterales,Fibrobacteraceae,Fibrobacter,233Firmicutes,Bacilli,Bacillales,Alicyclobacillaceae,Alicyclobacillus,114Firmicutes,Bacilli,Bacillales,Alicyclobacillaceae,Kyrpidia,37Firmicutes,Bacilli,Bacillales,Bacillaceae,Anoxybacillus,178Firmicutes,Bacilli,Bacillales,Bacillaceae,Bacillus,4041Firmicutes,Bacilli,Bacillales,Bacillaceae,Geobacillus,583Firmicutes,Bacilli,Bacillales,Bacillaceae,Oceanobacillus,82Firmicutes,Bacilli,Bacillales,Bacillaceae,Virgibacillus,2Firmicutes,Bacilli,Bacillales,Exiguobacteraceae,Exiguobacterium,158Firmicutes,Bacilli,Bacillales,Paenibacillaceae,Brevibacillus,260Firmicutes,Bacilli,Bacillales,Paenibacillaceae,Paenibacillus,1265Firmicutes,Bacilli,Bacillales,Pasteuriaceae,Pasteuria,3Firmicutes,Bacilli,Bacillales,Planococcaceae,Lysinibacillus,146Firmicutes,Bacilli,Bacillales,Planococcaceae,Planococcus,13Firmicutes,Bacilli,Bacillales,Planococcaceae,Ureibacillus,1Firmicutes,Bacilli,Bacillales,Staphylococcaceae,Macrococcus,69Firmicutes,Bacilli,Bacillales,Staphylococcaceae,Staphylococcus,958Firmicutes,Bacilli,Gemellales,Gemellaceae,Gemella,30Firmicutes,Bacilli,Lactobacillales,Aerococcaceae,Abiotrophia,115Firmicutes,Bacilli,Lactobacillales,Aerococcaceae,Aerococcus,30Firmicutes,Bacilli,Lactobacillales,Carnobacteriaceae,Carnobacterium,38Firmicutes,Bacilli,Lactobacillales,Carnobacteriaceae,Granulicatella,54Firmicutes,Bacilli,Lactobacillales,Enterococcaceae,Enterococcus,1716Firmicutes,Bacilli,Lactobacillales,Enterococcaceae,Tetragenococcus,3Firmicutes,Bacilli,Lactobacillales,Lactobacillaceae,Lactobacillus,2724Firmicutes,Bacilli,Lactobacillales,Lactobacillaceae,Pediococcus,182Firmicutes,Bacilli,Lactobacillales,Leuconostocaceae,Fructobacillus,1Firmicutes,Bacilli,Lactobacillales,Leuconostocaceae,Leuconostoc,227Firmicutes,Bacilli,Lactobacillales,Leuconostocaceae,Weissella,29Firmicutes,Bacilli,Lactobacillales,Streptococcaceae,Lactococcus,2791Firmicutes,Bacilli,Lactobacillales,Streptococcaceae,Streptococcus,10405Firmicutes,Bacilli,Turicibacterales,Turicibacteraceae,Turicibacter,1216Firmicutes,Clostridia,Clostridiales,Clostridiaceae,Alkaliphilus,523Firmicutes,Clostridia,Clostridiales,Clostridiaceae,Clostridium,23388Firmicutes,Clostridia,Clostridiales,Clostridiaceae,Thermoanaerobacterium,153Firmicutes,Clostridia,Clostridiales,Eubacteriaceae,Acetobacterium,8Firmicutes,Clostridia,Clostridiales,Eubacteriaceae,Anaerofustis,115Firmicutes,Clostridia,Clostridiales,Lachnospiraceae,Anaerostipes,377Firmicutes,Clostridia,Clostridiales,Lachnospiraceae,Blautia,5340Firmicutes,Clostridia,Clostridiales,Lachnospiraceae,Butyrivibrio,682Firmicutes,Clostridia,Clostridiales,Lachnospiraceae,Catonella,31Firmicutes,Clostridia,Clostridiales,Lachnospiraceae,Coprococcus,744Firmicutes,Clostridia,Clostridiales,Lachnospiraceae,Dorea,651Firmicutes,Clostridia,Clostridiales,Lachnospiraceae,Epulopiscium,56Firmicutes,Clostridia,Clostridiales,Lachnospiraceae,Oribacterium,338Firmicutes,Clostridia,Clostridiales,Lachnospiraceae,Pseudobutyrivibrio,1Firmicutes,Clostridia,Clostridiales,Lachnospiraceae,Roseburia,1761Firmicutes,Clostridia,Clostridiales,Lachnospiraceae,Ruminococcus,7844Firmicutes,Clostridia,Clostridiales,Lachnospiraceae,Shuttleworthia,80Firmicutes,Clostridia,Clostridiales,Peptococcaceae,Desulfotomaculum,1068Firmicutes,Clostridia,Clostridiales,Peptococcaceae,Pelotomaculum,193Firmicutes,Clostridia,Clostridiales,Peptostreptococcaceae,Filifactor,39Firmicutes,Clostridia,Clostridiales,Peptostreptococcaceae,Peptostreptococcus,186Firmicutes,Clostridia,Clostridiales,Ruminococcaceae,Anaerotruncus,787Firmicutes,Clostridia,Clostridiales,Ruminococcaceae,Ethanoligenens,652Firmicutes,Clostridia,Clostridiales,Ruminococcaceae,Faecalibacterium,10017Firmicutes,Clostridia,Clostridiales,Ruminococcaceae,Ruminococcus,7844Firmicutes,Clostridia,Clostridiales,Symbiobacteriaceae,Symbiobacterium,111Firmicutes,Clostridia,Clostridiales,Syntrophomonadaceae,Syntrophomonas,73Firmicutes,Clostridia,Clostridiales,Tissierellaceae,Anaerococcus,393Firmicutes,Clostridia,Clostridiales,Tissierellaceae,Finegoldia,164Firmicutes,Clostridia,Clostridiales,Tissierellaceae,Peptoniphilus,167Firmicutes,Clostridia,Clostridiales,Tissierellaceae,Sporanaerobacter,1Firmicutes,Clostridia,Clostridiales,Veillonellaceae,Acidaminococcus,337Firmicutes,Clostridia,Clostridiales,Veillonellaceae,Dialister,837Firmicutes,Clostridia,Clostridiales,Veillonellaceae,Megamonas,8Firmicutes,Clostridia,Clostridiales,Veillonellaceae,Megasphaera,359Firmicutes,Clostridia,Clostridiales,Veillonellaceae,Mitsuokella,1331Firmicutes,Clostridia,Clostridiales,Veillonellaceae,Pectinatus,1Firmicutes,Clostridia,Clostridiales,Veillonellaceae,Phascolarctobacterium,135Firmicutes,Clostridia,Clostridiales,Veillonellaceae,Selenomonas,931Firmicutes,Clostridia,Clostridiales,Veillonellaceae,Sporomusa,1Firmicutes,Clostridia,Clostridiales,Veillonellaceae,Thermosinus,237Firmicutes,Clostridia,Clostridiales,Veillonellaceae,Veillonella,1931Firmicutes,Clostridia,Halanaerobiales,Halanaerobiaceae,Halanaerobium,91Firmicutes,Clostridia,Halanaerobiales,Halobacteroidaceae,Acetohalobium,36Firmicutes,Clostridia,Natranaerobiales,Anaerobrancaceae,Dethiobacter,60Firmicutes,Clostridia,Natranaerobiales,Natranaerobiaceae,Natranaerobius,133Firmicutes,Clostridia,Thermoanaerobacterales,Caldicellulosiruptoraceae,Caldicellulosiruptor,334Firmicutes,Clostridia,Thermoanaerobacterales,Thermoanaerobacteraceae,Caldanaerobacter,97Firmicutes,Clostridia,Thermoanaerobacterales,Thermoanaerobacteraceae,Moorella,115Firmicutes,Clostridia,Thermoanaerobacterales,Thermoanaerobacteraceae,Thermoanaerobacter,380Firmicutes,Clostridia,Thermoanaerobacterales,Thermodesulfobiaceae,Coprothermobacter,28Firmicutes,Erysipelotrichi,Erysipelotrichales,Erysipelotrichaceae,Bulleidia,83Firmicutes,Erysipelotrichi,Erysipelotrichales,Erysipelotrichaceae,Catenibacterium,275Firmicutes,Erysipelotrichi,Erysipelotrichales,Erysipelotrichaceae,Coprobacillus,344Firmicutes,Erysipelotrichi,Erysipelotrichales,Erysipelotrichaceae,Erysipelothrix,33Firmicutes,Erysipelotrichi,Erysipelotrichales,Erysipelotrichaceae,Eubacterium,6404Firmicutes,Erysipelotrichi,Erysipelotrichales,Erysipelotrichaceae,Holdemania,479Fusobacteria,Fusobacteriia,Fusobacteriales,Fusobacteriaceae,Fusobacterium,1305Fusobacteria,Fusobacteriia,Fusobacteriales,Fusobacteriaceae,Propionigenium,1Fusobacteria,Fusobacteriia,Fusobacteriales,Leptotrichiaceae,Leptotrichia,165Fusobacteria,Fusobacteriia,Fusobacteriales,Leptotrichiaceae,Streptobacillus,37Gemmatimonadetes,Gemmatimonadetes,Gemmatimonadales,Gemmatimonadaceae,Gemmatimonas,73Lentisphaerae,Lentisphaeria,Lentisphaerales,Lentisphaeraceae,Lentisphaera,28Nitrospirae,Nitrospira,Nitrospirales,Leptospirillaceae,Leptospirillum,93Nitrospirae,Nitrospira,Nitrospirales,Nitrospiraceae,Nitrospira,51Nitrospirae,Nitrospira,Nitrospirales,Thermodesulfovibrionaceae,Thermodesulfovibrio,32Planctomycetes,Planctomycetia,Gemmatales,Gemmataceae,Gemmata,221Planctomycetes,Planctomycetia,Gemmatales,Isosphaeraceae,Isosphaera,59Planctomycetes,Planctomycetia,Pirellulales,Pirellulaceae,Pirellula,61Planctomycetes,Planctomycetia,Planctomycetales,Planctomycetaceae,Planctomyces,111Proteobacteria,Alphaproteobacteria,Caulobacterales,Caulobacteraceae,Arthrospira,124Proteobacteria,Alphaproteobacteria,Caulobacterales,Caulobacteraceae,Asticcacaulis,94Proteobacteria,Alphaproteobacteria,Caulobacterales,Caulobacteraceae,Brevundimonas,153Proteobacteria,Alphaproteobacteria,Caulobacterales,Caulobacteraceae,Caulobacter,205Proteobacteria,Alphaproteobacteria,Caulobacterales,Caulobacteraceae,Phenylobacterium,76Proteobacteria,Alphaproteobacteria,Rhizobiales,Aurantimonadaceae,Aurantimonas,70Proteobacteria,Alphaproteobacteria,Rhizobiales,Aurantimonadaceae,Fulvimarina,37Proteobacteria,Alphaproteobacteria,Rhizobiales,Bartonellaceae,Bartonella,367Proteobacteria,Alphaproteobacteria,Rhizobiales,Beijerinckiaceae,Beijerinckia,66Proteobacteria,Alphaproteobacteria,Rhizobiales,Beijerinckiaceae,Methylocella,96Proteobacteria,Alphaproteobacteria,Rhizobiales,Bradyrhizobiaceae,Afipia,33Proteobacteria,Alphaproteobacteria,Rhizobiales,Bradyrhizobiaceae,Bosea,1Proteobacteria,Alphaproteobacteria,Rhizobiales,Bradyrhizobiaceae,Bradyrhizobium,385Proteobacteria,Alphaproteobacteria,Rhizobiales,Bradyrhizobiaceae,Nitrobacter,512Proteobacteria,Alphaproteobacteria,Rhizobiales,Brucellaceae,Ochrobactrum,728Proteobacteria,Alphaproteobacteria,Rhizobiales,Hyphomicrobiaceae,Hyphomicrobium,455Proteobacteria,Alphaproteobacteria,Rhizobiales,Hyphomicrobiaceae,Parvibaculum,147Proteobacteria,Alphaproteobacteria,Rhizobiales,Methylobacteriaceae,Methylobacterium,1284Proteobacteria,Alphaproteobacteria,Rhizobiales,Methylocystaceae,Methylosinus,164Proteobacteria,Alphaproteobacteria,Rhizobiales,Phyllobacteriaceae,Chelativorans,247Proteobacteria,Alphaproteobacteria,Rhizobiales,Phyllobacteriaceae,Mesorhizobium,387Proteobacteria,Alphaproteobacteria,Rhizobiales,Rhizobiaceae,Agrobacterium,496Proteobacteria,Alphaproteobacteria,Rhizobiales,Rhizobiaceae,Rhizobium,641Proteobacteria,Alphaproteobacteria,Rhizobiales,Rhizobiaceae,Sinorhizobium,946Proteobacteria,Alphaproteobacteria,Rhizobiales,Xanthobacteraceae,Azorhizobium,413Proteobacteria,Alphaproteobacteria,Rhizobiales,Xanthobacteraceae,Xanthobacter,470Proteobacteria,Alphaproteobacteria,Rhodobacterales,Hyphomonadaceae,Hirschia,24Proteobacteria,Alphaproteobacteria,Rhodobacterales,Hyphomonadaceae,Hyphomonas,83Proteobacteria,Alphaproteobacteria,Rhodobacterales,Hyphomonadaceae,Maricaulis,77Proteobacteria,Alphaproteobacteria,Rhodobacterales,Hyphomonadaceae,Oceanicaulis,40Proteobacteria,Alphaproteobacteria,Rhodobacterales,Rhodobacteraceae,Dinoroseobacter,136Proteobacteria,Alphaproteobacteria,Rhodobacterales,Rhodobacteraceae,Jannaschia,138Proteobacteria,Alphaproteobacteria,Rhodobacterales,Rhodobacteraceae,Loktanella,42Proteobacteria,Alphaproteobacteria,Rhodobacterales,Rhodobacteraceae,Octadecabacter,96Proteobacteria,Alphaproteobacteria,Rhodobacterales,Rhodobacteraceae,Paracoccus,1760Proteobacteria,Alphaproteobacteria,Rhodobacterales,Rhodobacteraceae,Phaeobacter,74Proteobacteria,Alphaproteobacteria,Rhodobacterales,Rhodobacteraceae,Rhodobacter,2143Proteobacteria,Alphaproteobacteria,Rhodobacterales,Rhodobacteraceae,Rhodovulum,2Proteobacteria,Alphaproteobacteria,Rhodobacterales,Rhodobacteraceae,Roseobacter,433Proteobacteria,Alphaproteobacteria,Rhodobacterales,Rhodobacteraceae,Roseovarius,197Proteobacteria,Alphaproteobacteria,Rhodobacterales,Rhodobacteraceae,Ruegeria,695Proteobacteria,Alphaproteobacteria,Rhodobacterales,Rhodobacteraceae,Sagittula,88Proteobacteria,Alphaproteobacteria,Rhodobacterales,Rhodobacteraceae,Thalassobius,1Proteobacteria,Alphaproteobacteria,Rhodospirillales,Acetobacteraceae,Acetobacter,123Proteobacteria,Alphaproteobacteria,Rhodospirillales,Acetobacteraceae,Acidiphilium,82Proteobacteria,Alphaproteobacteria,Rhodospirillales,Acetobacteraceae,Gluconobacter,166Proteobacteria,Alphaproteobacteria,Rhodospirillales,Acetobacteraceae,Roseomonas,122Proteobacteria,Alphaproteobacteria,Rhodospirillales,Rhodospirillaceae,Azospirillum,169Proteobacteria,Alphaproteobacteria,Rhodospirillales,Rhodospirillaceae,Magnetospirillum,1002Proteobacteria,Alphaproteobacteria,Rhodospirillales,Rhodospirillaceae,Rhodospirillum,375Proteobacteria,Alphaproteobacteria,Rickettsiales,Anaplasmataceae,Anaplasma,38Proteobacteria,Alphaproteobacteria,Rickettsiales,Anaplasmataceae,Ehrlichia,45Proteobacteria,Alphaproteobacteria,Rickettsiales,Anaplasmataceae,Neorickettsia,30Proteobacteria,Alphaproteobacteria,Rickettsiales,Rickettsiaceae,Rickettsia,93Proteobacteria,Alphaproteobacteria,Rickettsiales,Rickettsiaceae,Wolbachia,117Proteobacteria,Alphaproteobacteria,Sphingomonadales,Erythrobacteraceae,Citromicrobium,65Proteobacteria,Alphaproteobacteria,Sphingomonadales,Erythrobacteraceae,Erythrobacter,187Proteobacteria,Alphaproteobacteria,Sphingomonadales,Sphingomonadaceae,Novosphingobium,392Proteobacteria,Alphaproteobacteria,Sphingomonadales,Sphingomonadaceae,Sphingobium,139Proteobacteria,Alphaproteobacteria,Sphingomonadales,Sphingomonadaceae,Sphingomonas,397Proteobacteria,Alphaproteobacteria,Sphingomonadales,Sphingomonadaceae,Sphingopyxis,196Proteobacteria,Alphaproteobacteria,Sphingomonadales,Sphingomonadaceae,Zymomonas,125Proteobacteria,Betaproteobacteria,Burkholderiales,Alcaligenaceae,Achromobacter,585Proteobacteria,Betaproteobacteria,Burkholderiales,Alcaligenaceae,Oligella,1Proteobacteria,Betaproteobacteria,Burkholderiales,Alcaligenaceae,Sutterella,100Proteobacteria,Betaproteobacteria,Burkholderiales,Burkholderiaceae,Burkholderia,6663Proteobacteria,Betaproteobacteria,Burkholderiales,Burkholderiaceae,Lautropia,29Proteobacteria,Betaproteobacteria,Burkholderiales,Burkholderiaceae,Salinispora,154Proteobacteria,Betaproteobacteria,Burkholderiales,Comamonadaceae,Acidovorax,11272Proteobacteria,Betaproteobacteria,Burkholderiales,Comamonadaceae,Alicycliphilus,3085Proteobacteria,Betaproteobacteria,Burkholderiales,Comamonadaceae,Aquabacterium,1Proteobacteria,Betaproteobacteria,Burkholderiales,Comamonadaceae,Comamonas,3309Proteobacteria,Betaproteobacteria,Burkholderiales,Comamonadaceae,Curvibacter,11Proteobacteria,Betaproteobacteria,Burkholderiales,Comamonadaceae,Delftia,2309Proteobacteria,Betaproteobacteria,Burkholderiales,Comamonadaceae,Leptothrix,235Proteobacteria,Betaproteobacteria,Burkholderiales,Comamonadaceae,Limnobacter,23Proteobacteria,Betaproteobacteria,Burkholderiales,Comamonadaceae,Methylibium,163Proteobacteria,Betaproteobacteria,Burkholderiales,Comamonadaceae,Polaromonas,1433Proteobacteria,Betaproteobacteria,Burkholderiales,Comamonadaceae,Rubrivivax,1Proteobacteria,Betaproteobacteria,Burkholderiales,Comamonadaceae,Thiomonas,288Proteobacteria,Betaproteobacteria,Burkholderiales,Comamonadaceae,Variovorax,868Proteobacteria,Betaproteobacteria,Burkholderiales,Comamonadaceae,Verminephrobacter,521Proteobacteria,Betaproteobacteria,Burkholderiales,Oxalobacteraceae,Collimonas,4Proteobacteria,Betaproteobacteria,Burkholderiales,Oxalobacteraceae,Cupriavidus,707Proteobacteria,Betaproteobacteria,Burkholderiales,Oxalobacteraceae,Herbaspirillum,114Proteobacteria,Betaproteobacteria,Burkholderiales,Oxalobacteraceae,Herminiimonas,222Proteobacteria,Betaproteobacteria,Burkholderiales,Oxalobacteraceae,Janthinobacterium,451Proteobacteria,Betaproteobacteria,Burkholderiales,Oxalobacteraceae,Oxalobacter,808Proteobacteria,Betaproteobacteria,Burkholderiales,Oxalobacteraceae,Polynucleobacter,82Proteobacteria,Betaproteobacteria,Burkholderiales,Oxalobacteraceae,Ralstonia,1903Proteobacteria,Betaproteobacteria,Gallionellales,Gallionellaceae,Gallionella,81Proteobacteria,Betaproteobacteria,Hydrogenophilales,Hydrogenophilaceae,Thiobacillus,77Proteobacteria,Betaproteobacteria,Methylophilales,Methylophilaceae,Methylobacillus,173Proteobacteria,Betaproteobacteria,Methylophilales,Methylophilaceae,Methylotenera,37Proteobacteria,Betaproteobacteria,Neisseriales,Neisseriaceae,Chromobacterium,454Proteobacteria,Betaproteobacteria,Neisseriales,Neisseriaceae,Eikenella,63Proteobacteria,Betaproteobacteria,Neisseriales,Neisseriaceae,Kingella,139Proteobacteria,Betaproteobacteria,Neisseriales,Neisseriaceae,Neisseria,2446Proteobacteria,Betaproteobacteria,Nitrosomonadales,Nitrosomonadaceae,Nitrosospira,152Proteobacteria,Betaproteobacteria,Rhodocyclales,Rhodocyclaceae,Azoarcus,343Proteobacteria,Betaproteobacteria,Rhodocyclales,Rhodocyclaceae,Dechloromonas,1102Proteobacteria,Betaproteobacteria,Rhodocyclales,Rhodocyclaceae,Thauera,14Proteobacteria,Betaproteobacteria,Rhodocyclales,Rhodocyclaceae,Zoogloea,2Proteobacteria,Deltaproteobacteria,Bdellovibrionales,Bacteriovoracaceae,Bacteriovorax,84Proteobacteria,Deltaproteobacteria,Bdellovibrionales,Bdellovibrionaceae,Bdellovibrio,429Proteobacteria,Deltaproteobacteria,Desulfarculales,Desulfarculaceae,Desulfarculus,117Proteobacteria,Deltaproteobacteria,Desulfobacterales,Desulfobacteraceae,Desulfococcus,48Proteobacteria,Deltaproteobacteria,Desulfobacterales,Desulfobacteraceae,Desulfotignum,3Proteobacteria,Deltaproteobacteria,Desulfobacterales,Desulfobulbaceae,Desulfobulbus,171Proteobacteria,Deltaproteobacteria,Desulfobacterales,Desulfobulbaceae,Desulfotalea,226Proteobacteria,Deltaproteobacteria,Desulfovibrionales,Desulfomicrobiaceae,Desulfomicrobium,85Proteobacteria,Deltaproteobacteria,Desulfovibrionales,Desulfovibrionaceae,Bilophila,368Proteobacteria,Deltaproteobacteria,Desulfovibrionales,Desulfovibrionaceae,Desulfovibrio,1781Proteobacteria,Deltaproteobacteria,Desulfovibrionales,Desulfovibrionaceae,Lawsonia,37Proteobacteria,Deltaproteobacteria,Desulfuromonadales,Desulfuromonadaceae,Desulfuromonas,134Proteobacteria,Deltaproteobacteria,Desulfuromonadales,Geobacteraceae,Geobacter,493Proteobacteria,Deltaproteobacteria,Desulfuromonadales,Pelobacteraceae,Pelobacter,211Proteobacteria,Deltaproteobacteria,Myxococcales,Cystobacteraceae,Cystobacter,3Proteobacteria,Deltaproteobacteria,Myxococcales,Haliangiaceae,Haliangium,69Proteobacteria,Deltaproteobacteria,Myxococcales,Myxococcaceae,Anaeromyxobacter,169Proteobacteria,Deltaproteobacteria,Myxococcales,Myxococcaceae,Myxococcus,165Proteobacteria,Deltaproteobacteria,Myxococcales,Nannocystaceae,Plesiocystis,65Proteobacteria,Deltaproteobacteria,Myxococcales,Polyangiaceae,Sorangium,90Proteobacteria,Deltaproteobacteria,Syntrophobacterales,Syntrophaceae,Syntrophus,236Proteobacteria,Deltaproteobacteria,Syntrophobacterales,Syntrophobacteraceae,Syntrophobacter,65Proteobacteria,Epsilonproteobacteria,Campylobacterales,Campylobacteraceae,Arcobacter,419Proteobacteria,Epsilonproteobacteria,Campylobacterales,Campylobacteraceae,Campylobacter,602Proteobacteria,Epsilonproteobacteria,Campylobacterales,Campylobacteraceae,Sulfurospirillum,81Proteobacteria,Epsilonproteobacteria,Campylobacterales,Helicobacteraceae,Helicobacter,303Proteobacteria,Epsilonproteobacteria,Campylobacterales,Helicobacteraceae,Sulfuricurvum,33Proteobacteria,Epsilonproteobacteria,Campylobacterales,Helicobacteraceae,Sulfurimonas,112Proteobacteria,Epsilonproteobacteria,Nautiliales,Nautiliaceae,Caminibacter,13Proteobacteria,Epsilonproteobacteria,Nautiliales,Nautiliaceae,Nautilia,22Proteobacteria,Gammaproteobacteria,Acidithiobacillales,Acidithiobacillaceae,Acidithiobacillus,222Proteobacteria,Gammaproteobacteria,Aeromonadales,Aeromonadaceae,Tolumonas,1016Proteobacteria,Gammaproteobacteria,Aeromonadales,Succinivibrionaceae,Ruminobacter,3Proteobacteria,Gammaproteobacteria,Alteromonadales,Alteromonadaceae,Alteromonas,276Proteobacteria,Gammaproteobacteria,Alteromonadales,Alteromonadaceae,Cellvibrio,91Proteobacteria,Gammaproteobacteria,Alteromonadales,Alteromonadaceae,Glaciecola,11Proteobacteria,Gammaproteobacteria,Alteromonadales,Alteromonadaceae,Marinobacter,238Proteobacteria,Gammaproteobacteria,Alteromonadales,Colwelliaceae,Colwellia,85Proteobacteria,Gammaproteobacteria,Alteromonadales,Ferrimonadaceae,Ferrimonas,38Proteobacteria,Gammaproteobacteria,Alteromonadales,Idiomarinaceae,Idiomarina,108Proteobacteria,Gammaproteobacteria,Alteromonadales,Moritellaceae,Moritella,24Proteobacteria,Gammaproteobacteria,Alteromonadales,OM60,Congregibacter,47Proteobacteria,Gammaproteobacteria,Alteromonadales,Psychromonadaceae,Psychromonas,123Proteobacteria,Gammaproteobacteria,Alteromonadales,Shewanellaceae,Shewanella,1402Proteobacteria,Gammaproteobacteria,Cardiobacteriales,Cardiobacteriaceae,Cardiobacterium,80Proteobacteria,Gammaproteobacteria,Chromatiales,Chromatiaceae,Allochromatium,110Proteobacteria,Gammaproteobacteria,Chromatiales,Chromatiaceae,Nitrosococcus,556Proteobacteria,Gammaproteobacteria,Chromatiales,Chromatiaceae,Thiocapsa,1Proteobacteria,Gammaproteobacteria,Chromatiales,Ectothiorhodospiraceae,Halorhodospira,37Proteobacteria,Gammaproteobacteria,Chromatiales,Ectothiorhodospiraceae,Thioalkalivibrio,135Proteobacteria,Gammaproteobacteria,Chromatiales,Halothiobacillaceae,Halothiobacillus,32Proteobacteria,Gammaproteobacteria,Enterobacteriales,Enterobacteriaceae,Arsenophonus,111Proteobacteria,Gammaproteobacteria,Enterobacteriales,Enterobacteriaceae,Buchnera,57Proteobacteria,Gammaproteobacteria,Enterobacteriales,Enterobacteriaceae,Citrobacter,697Proteobacteria,Gammaproteobacteria,Enterobacteriales,Enterobacteriaceae,Dickeya,165Proteobacteria,Gammaproteobacteria,Enterobacteriales,Enterobacteriaceae,Edwardsiella,407Proteobacteria,Gammaproteobacteria,Enterobacteriales,Enterobacteriaceae,Enterobacter,3672Proteobacteria,Gammaproteobacteria,Enterobacteriales,Enterobacteriaceae,Erwinia,552Proteobacteria,Gammaproteobacteria,Enterobacteriales,Enterobacteriaceae,Gluconacetobacter,213Proteobacteria,Gammaproteobacteria,Enterobacteriales,Enterobacteriaceae,Klebsiella,2208Proteobacteria,Gammaproteobacteria,Enterobacteriales,Enterobacteriaceae,Morganella,1Proteobacteria,Gammaproteobacteria,Enterobacteriales,Enterobacteriaceae,Photorhabdus,617Proteobacteria,Gammaproteobacteria,Enterobacteriales,Enterobacteriaceae,Proteus,381Proteobacteria,Gammaproteobacteria,Enterobacteriales,Enterobacteriaceae,Providencia,498Proteobacteria,Gammaproteobacteria,Enterobacteriales,Enterobacteriaceae,Salmonella,3866Proteobacteria,Gammaproteobacteria,Enterobacteriales,Enterobacteriaceae,Serratia,542Proteobacteria,Gammaproteobacteria,Enterobacteriales,Enterobacteriaceae,Sodalis,1036Proteobacteria,Gammaproteobacteria,Enterobacteriales,Enterobacteriaceae,Yersinia,1966Proteobacteria,Gammaproteobacteria,Legionellales,Coxiellaceae,Coxiella,44Proteobacteria,Gammaproteobacteria,Legionellales,Coxiellaceae,Rickettsiella,15Proteobacteria,Gammaproteobacteria,Legionellales,Francisellaceae,Francisella,135Proteobacteria,Gammaproteobacteria,Legionellales,Legionellaceae,Legionella,187Proteobacteria,Gammaproteobacteria,Oceanospirillales,Alcanivoracaceae,Alcanivorax,42Proteobacteria,Gammaproteobacteria,Oceanospirillales,Hahellaceae,Hahella,224Proteobacteria,Gammaproteobacteria,Oceanospirillales,Halomonadaceae,Chromohalobacter,133Proteobacteria,Gammaproteobacteria,Oceanospirillales,Halomonadaceae,Halomonas,148Proteobacteria,Gammaproteobacteria,Oceanospirillales,Oceanospirillaceae,Marinomonas,183Proteobacteria,Gammaproteobacteria,Oceanospirillales,Saccharospirillaceae,Reinekea,53Proteobacteria,Gammaproteobacteria,Pasteurellales,Pasteurellaceae,Actinobacillus,718Proteobacteria,Gammaproteobacteria,Pasteurellales,Pasteurellaceae,Aggregatibacter,133Proteobacteria,Gammaproteobacteria,Pasteurellales,Pasteurellaceae,Avibacterium,1Proteobacteria,Gammaproteobacteria,Pasteurellales,Pasteurellaceae,Haemophilus,1845Proteobacteria,Gammaproteobacteria,Pasteurellales,Pasteurellaceae,Mannheimia,365Proteobacteria,Gammaproteobacteria,Pasteurellales,Pasteurellaceae,Pasteurella,79Proteobacteria,Gammaproteobacteria,Pseudomonadales,Moraxellaceae,Acinetobacter,14085Proteobacteria,Gammaproteobacteria,Pseudomonadales,Moraxellaceae,Enhydrobacter,842Proteobacteria,Gammaproteobacteria,Pseudomonadales,Moraxellaceae,Moraxella,72Proteobacteria,Gammaproteobacteria,Pseudomonadales,Moraxellaceae,Psychrobacter,745Proteobacteria,Gammaproteobacteria,Pseudomonadales,Pseudomonadaceae,Pseudomonas,6935Proteobacteria,Gammaproteobacteria,Thiotrichales,Piscirickettsiaceae,Methylophaga,63Proteobacteria,Gammaproteobacteria,Thiotrichales,Piscirickettsiaceae,Thiomicrospira,106Proteobacteria,Gammaproteobacteria,Thiotrichales,Thiotrichaceae,Beggiatoa,30Proteobacteria,Gammaproteobacteria,Vibrionales,Pseudoalteromonadaceae,Pseudoalteromonas,228Proteobacteria,Gammaproteobacteria,Vibrionales,Vibrionaceae,Aliivibrio,63Proteobacteria,Gammaproteobacteria,Vibrionales,Vibrionaceae,Photobacterium,517Proteobacteria,Gammaproteobacteria,Vibrionales,Vibrionaceae,Vibrio,1873Proteobacteria,Gammaproteobacteria,Xanthomonadales,Xanthomonadaceae,Pseudoxanthomonas,195Proteobacteria,Gammaproteobacteria,Xanthomonadales,Xanthomonadaceae,Stenotrophomonas,1019Proteobacteria,Gammaproteobacteria,Xanthomonadales,Xanthomonadaceae,Xanthomonas,1124Proteobacteria,Gammaproteobacteria,Xanthomonadales,Xanthomonadaceae,Xylella,866Proteobacteria,Zetaproteobacteria,Mariprofundales,Mariprofundaceae,Mariprofundus,43Spirochaetes,Brachyspirae,Brachyspirales,Brachyspiraceae,Brachyspira,162Spirochaetes,Leptospirae,Leptospirales,Leptospiraceae,Leptospira,102Spirochaetes,Spirochaetes,Borreliales,Borreliaceae,Borrelia,64Spirochaetes,Spirochaetes,Spirochaetales,Spirochaetaceae,Spirochaeta,231Spirochaetes,Spirochaetes,Spirochaetales,Spirochaetaceae,Treponema,226Synergistetes,Synergistia,Synergistales,Anaerobaculaceae,Anaerobaculum,34Synergistetes,Synergistia,Synergistales,Dethiosulfovibrionaceae,Aminobacterium,78Synergistetes,Synergistia,Synergistales,Dethiosulfovibrionaceae,Pyramidobacter,162Tenericutes,Mollicutes,Acholeplasmatales,Acholeplasmataceae,Acholeplasma,38Tenericutes,Mollicutes,Anaeroplasmatales,Anaeroplasmataceae,Anaeroplasma,1Tenericutes,Mollicutes,Entomoplasmatales,Entomoplasmataceae,Mesoplasma,17Tenericutes,Mollicutes,Mycoplasmatales,Mycoplasmataceae,Mycoplasma,294Tenericutes,Mollicutes,Mycoplasmatales,Mycoplasmataceae,Ureaplasma,55Thermi,Deinococci,Deinococcales,Deinococcaceae,Deinococcus,220Thermi,Deinococci,Deinococcales,Trueperaceae,Truepera,35Thermi,Deinococci,Thermales,Thermaceae,Meiothermus,105Thermi,Deinococci,Thermales,Thermaceae,Oceanithermus,23Thermi,Deinococci,Thermales,Thermaceae,Thermus,96Thermotogae,Thermotogae,Thermotogales,Thermotogaceae,Fervidobacterium,38Thermotogae,Thermotogae,Thermotogales,Thermotogaceae,Kosmotoga,30Thermotogae,Thermotogae,Thermotogales,Thermotogaceae,Marinitoga,9Thermotogae,Thermotogae,Thermotogales,Thermotogaceae,Petrotoga,121Thermotogae,Thermotogae,Thermotogales,Thermotogaceae,Thermosipho,56Thermotogae,Thermotogae,Thermotogales,Thermotogaceae,Thermotoga,116Verrucomicrobia,Opitutae,Opitutales,Opitutaceae,Opitutus,82Verrucomicrobia,Opitutae,Puniceicoccales,Puniceicoccaceae,Coraliomargarita,20Verrucomicrobia,Pedosphaerae,Pedosphaerales,Pedosphaeraceae,Pedosphaera,57Verrucomicrobia,Spartobacteria,Chthoniobacterales,Chthoniobacteraceae,Chthoniobacter,91Verrucomicrobia,Verrucomicrobiae,Verrucomicrobiales,Verrucomicrobiaceae,Akkermansia,726Verrucomicrobia,Verrucomicrobiae,Verrucomicrobiales,Verrucomicrobiaceae,Prosthecobacter,3Verrucomicrobia,Verrucomicrobiae,Verrucomicrobiales,Verrucomicrobiaceae,Rubritalea,1Verrucomicrobia,Verrucomicrobiae,Verrucomicrobiales,Verrucomicrobiaceae,Verrucomicrobium,86